{"cameraMode":{"drawMode":0,"name":"Shaded","section":"Shading Mode"},"sceneLighting":true,"audioPlay":false,"sceneViewState":{"m_AlwaysRefresh":false,"showFog":true,"showSkybox":true,"showFlares":true,"showImageEffects":true,"showParticleSystems":true,"showVisualEffectGraphs":true,"m_FxEnabled":true},"in2DMode":false,"pivot":{"x":0.7623791694641113,"y":0.8928699493408203,"z":7.81935977935791},"rotation":{"x":0.18727588653564454,"y":-0.010314037092030049,"z":0.001966447802260518,"w":0.9822526574134827},"size":8.30656909942627,"orthographic":false}